<?xml version="1.0" encoding="UTF-8"?>
<!-- Copyright ETS-Soft -->
<slides><slide obj="MLS_Slide" id_slide="1" image="sld1.pg.jpg" repeat_x="0" repeat_y="0" sort_order="1" backgroud_color="#f5f5f2" custom_class="" enabled="1" animation_in="zoomInFlipHoriz" animation_out="zoomOutFlipVert" title="Slide 1" link_img="/shopnow/modules/ets_multilayerslider/views/img/upload/sld1.pg.jpg" max_layer_in="3500" max_layer_out="1200"><layers><layer obj="MLS_Layer" id_slide="1" layer_type="text" font_size="36.00" text_color="#929292" custom_class="" background_color="#F3F3F3" background_opacity="1.00" font_family="Lato" font_weight="bold" text_decoration="none" text_transform="uppercase" padding="5px 10px" box_radius="20" top="94.00" left="104.56" right="0.00" top_right="0.00" animation_in="fadeInLeft" animation_out="fadeOutLeft" width="" height="" sort_order="1" move_in="1000" move_out="500" stand_duration="0" start_delay="0" image="" content_layer="Fall in love with" link="" link_image="/shopnow/modules/ets_multilayerslider/views/img/upload/"/><layer obj="MLS_Layer" id_slide="1" layer_type="text" font_size="56.00" text_color="#333333" custom_class="" background_color="#F3F3F3" background_opacity="1.00" font_family="Stardos Stencil" font_weight="bold" text_decoration="none" text_transform="uppercase" padding="5px 10px" box_radius="20" top="149.00" left="104.56" right="0.00" top_right="0.00" animation_in="slideInRight" animation_out="slideOutRight" width="" height="" sort_order="2" move_in="1000" move_out="500" stand_duration="0" start_delay="0" image="" content_layer="New designs" link="" link_image="/shopnow/modules/ets_multilayerslider/views/img/upload/"/><layer obj="MLS_Layer" id_slide="1" layer_type="text" font_size="24.00" text_color="#929292" custom_class="" background_color="#ec4249" background_opacity="1.00" font_family="Lato" font_weight="normal" text_decoration="none" text_transform="none" padding="10px 20px" box_radius="20" top="213.00" left="107.00" right="0.00" top_right="0.00" animation_in="slideInRight" animation_out="slideOutRight" width="" height="" sort_order="3" move_in="1000" move_out="700" stand_duration="500" start_delay="900" image="" content_layer="We are the best furniture supplier in the &lt;br /&gt;&#13;&#10;world!" link="#" link_image="/shopnow/modules/ets_multilayerslider/views/img/upload/"/><layer obj="MLS_Layer" id_slide="1" layer_type="button" font_size="17.00" text_color="#ffffff" custom_class="" background_color="#5e5e5e" background_opacity="1.00" font_family="Lato" font_weight="bold" text_decoration="underline" text_transform="uppercase" padding="13px 25px" box_radius="20" top="281.52" left="107.42" right="0.00" top_right="0.00" animation_in="zoomIn" animation_out="zoomOut" width="" height="" sort_order="4" move_in="1000" move_out="500" stand_duration="500" start_delay="2500" image="" content_layer="Purchase Now" link="http://theme.yourbestcode.com/shopnow/en/16-furniture" link_image="/shopnow/modules/ets_multilayerslider/views/img/upload/"/></layers></slide><slide obj="MLS_Slide" id_slide="9" image="s12.jpg" repeat_x="0" repeat_y="0" sort_order="2" backgroud_color="#f5f5f2" custom_class="" enabled="1" animation_in="zoomInFlipHoriz" animation_out="zoomOutFlipVert" title="Slide 1-2" link_img="/shopnow/modules/ets_multilayerslider/views/img/upload/s12.jpg" max_layer_in="3500" max_layer_out="1200"><layers><layer obj="MLS_Layer" id_slide="9" layer_type="text" font_size="36.00" text_color="#929292" custom_class="" background_color="#F3F3F3" background_opacity="1.00" font_family="Lato" font_weight="bold" text_decoration="none" text_transform="uppercase" padding="5px 10px" box_radius="20" top="83.38" left="460.36" right="0.00" top_right="0.00" animation_in="fadeInLeft" animation_out="fadeOutLeft" width="" height="" sort_order="1" move_in="1000" move_out="500" stand_duration="0" start_delay="0" image="" content_layer="Perfect" link="" link_image="/shopnow/modules/ets_multilayerslider/views/img/upload/"/><layer obj="MLS_Layer" id_slide="9" layer_type="text" font_size="56.00" text_color="#333333" custom_class="" background_color="#F3F3F3" background_opacity="1.00" font_family="Stardos Stencil" font_weight="bold" text_decoration="none" text_transform="uppercase" padding="5px 10px" box_radius="20" top="140.67" left="459.03" right="0.00" top_right="0.00" animation_in="slideInRight" animation_out="slideOutRight" width="" height="" sort_order="2" move_in="1000" move_out="500" stand_duration="0" start_delay="0" image="" content_layer="Women’s" link="" link_image="/shopnow/modules/ets_multilayerslider/views/img/upload/"/><layer obj="MLS_Layer" id_slide="9" layer_type="text" font_size="24.00" text_color="#929292" custom_class="" background_color="#ec4249" background_opacity="1.00" font_family="Lato" font_weight="normal" text_decoration="none" text_transform="none" padding="10px 20px" box_radius="20" top="210.00" left="465.46" right="0.00" top_right="0.00" animation_in="slideInRight" animation_out="slideOutRight" width="" height="" sort_order="3" move_in="1000" move_out="700" stand_duration="500" start_delay="900" image="" content_layer="Women’s fashion &amp;amp; acessories" link="#" link_image="/shopnow/modules/ets_multilayerslider/views/img/upload/"/><layer obj="MLS_Layer" id_slide="9" layer_type="button" font_size="17.00" text_color="#ffffff" custom_class="" background_color="#5e5e5e" background_opacity="1.00" font_family="Lato" font_weight="bold" text_decoration="underline" text_transform="uppercase" padding="13px 25px" box_radius="20" top="264.89" left="468.52" right="0.00" top_right="0.00" animation_in="zoomIn" animation_out="zoomOut" width="" height="" sort_order="4" move_in="1000" move_out="500" stand_duration="500" start_delay="2500" image="" content_layer="Purchase Now" link="http://theme.yourbestcode.com/shopnow/en/16-furniture" link_image="/shopnow/modules/ets_multilayerslider/views/img/upload/"/></layers></slide><slide obj="MLS_Slide" id_slide="11" image="11_s12.jpg" repeat_x="0" repeat_y="0" sort_order="3" backgroud_color="#f5f5f2" custom_class="" enabled="1" animation_in="zoomInFlipHoriz" animation_out="zoomOutFlipVert" title="Slide 2" link_img="/shopnow/modules/ets_multilayerslider/views/img/upload/11_s12.jpg" max_layer_in="3500" max_layer_out="1200"><layers><layer obj="MLS_Layer" id_slide="11" layer_type="text" font_size="36.00" text_color="#929292" custom_class="" background_color="#F3F3F3" background_opacity="1.00" font_family="Lato" font_weight="bold" text_decoration="none" text_transform="uppercase" padding="5px 10px" box_radius="20" top="83.38" left="460.36" right="0.00" top_right="0.00" animation_in="fadeInLeft" animation_out="fadeOutLeft" width="" height="" sort_order="1" move_in="1000" move_out="500" stand_duration="0" start_delay="0" image="" content_layer="Perfect" link="" link_image="/shopnow/modules/ets_multilayerslider/views/img/upload/"/><layer obj="MLS_Layer" id_slide="11" layer_type="text" font_size="56.00" text_color="#333333" custom_class="" background_color="#F3F3F3" background_opacity="1.00" font_family="Stardos Stencil" font_weight="bold" text_decoration="none" text_transform="uppercase" padding="5px 10px" box_radius="20" top="140.67" left="459.03" right="0.00" top_right="0.00" animation_in="slideInRight" animation_out="slideOutRight" width="" height="" sort_order="2" move_in="1000" move_out="500" stand_duration="0" start_delay="0" image="" content_layer="Women’s" link="" link_image="/shopnow/modules/ets_multilayerslider/views/img/upload/"/><layer obj="MLS_Layer" id_slide="11" layer_type="text" font_size="24.00" text_color="#929292" custom_class="" background_color="#ec4249" background_opacity="1.00" font_family="Lato" font_weight="normal" text_decoration="none" text_transform="none" padding="10px 20px" box_radius="20" top="210.00" left="465.46" right="0.00" top_right="0.00" animation_in="slideInRight" animation_out="slideOutRight" width="" height="" sort_order="3" move_in="1000" move_out="700" stand_duration="500" start_delay="900" image="" content_layer="Women’s fashion &amp;amp; acessories" link="#" link_image="/shopnow/modules/ets_multilayerslider/views/img/upload/"/><layer obj="MLS_Layer" id_slide="11" layer_type="button" font_size="17.00" text_color="#ffffff" custom_class="" background_color="#5e5e5e" background_opacity="1.00" font_family="Lato" font_weight="bold" text_decoration="underline" text_transform="uppercase" padding="13px 25px" box_radius="20" top="264.89" left="468.52" right="0.00" top_right="0.00" animation_in="zoomIn" animation_out="zoomOut" width="" height="" sort_order="4" move_in="1000" move_out="500" stand_duration="500" start_delay="2500" image="" content_layer="Purchase Now" link="http://theme.yourbestcode.com/shopnow/en/16-furniture" link_image="/shopnow/modules/ets_multilayerslider/views/img/upload/"/></layers></slide><slide obj="MLS_Slide" id_slide="10" image="10_7_sld1.pg.jpg" repeat_x="0" repeat_y="0" sort_order="4" backgroud_color="#f5f5f2" custom_class="" enabled="1" animation_in="zoomInFlipHoriz" animation_out="zoomOutFlipVert" title="Slide 2-2" link_img="/shopnow/modules/ets_multilayerslider/views/img/upload/10_7_sld1.pg.jpg" max_layer_in="3500" max_layer_out="1200"><layers><layer obj="MLS_Layer" id_slide="10" layer_type="text" font_size="36.00" text_color="#929292" custom_class="" background_color="#F3F3F3" background_opacity="1.00" font_family="Lato" font_weight="bold" text_decoration="none" text_transform="uppercase" padding="5px 10px" box_radius="20" top="94.00" left="104.56" right="0.00" top_right="0.00" animation_in="fadeInLeft" animation_out="fadeOutLeft" width="" height="" sort_order="1" move_in="1000" move_out="500" stand_duration="0" start_delay="0" image="" content_layer="Fall in love with" link="" link_image="/shopnow/modules/ets_multilayerslider/views/img/upload/"/><layer obj="MLS_Layer" id_slide="10" layer_type="text" font_size="56.00" text_color="#333333" custom_class="" background_color="#F3F3F3" background_opacity="1.00" font_family="Stardos Stencil" font_weight="bold" text_decoration="none" text_transform="uppercase" padding="5px 10px" box_radius="20" top="149.00" left="104.56" right="0.00" top_right="0.00" animation_in="slideInRight" animation_out="slideOutRight" width="" height="" sort_order="2" move_in="1000" move_out="500" stand_duration="0" start_delay="0" image="" content_layer="New designs" link="" link_image="/shopnow/modules/ets_multilayerslider/views/img/upload/"/><layer obj="MLS_Layer" id_slide="10" layer_type="text" font_size="24.00" text_color="#929292" custom_class="" background_color="#ec4249" background_opacity="1.00" font_family="Lato" font_weight="normal" text_decoration="none" text_transform="none" padding="10px 20px" box_radius="20" top="213.00" left="107.00" right="0.00" top_right="0.00" animation_in="slideInRight" animation_out="slideOutRight" width="" height="" sort_order="3" move_in="1000" move_out="700" stand_duration="500" start_delay="900" image="" content_layer="We are the best furniture supplier in the &lt;br /&gt;&#10;world!" link="#" link_image="/shopnow/modules/ets_multilayerslider/views/img/upload/"/><layer obj="MLS_Layer" id_slide="10" layer_type="button" font_size="17.00" text_color="#ffffff" custom_class="" background_color="#5e5e5e" background_opacity="1.00" font_family="Lato" font_weight="bold" text_decoration="underline" text_transform="uppercase" padding="13px 25px" box_radius="20" top="281.52" left="107.42" right="0.00" top_right="0.00" animation_in="zoomIn" animation_out="zoomOut" width="" height="" sort_order="4" move_in="1000" move_out="500" stand_duration="500" start_delay="2500" image="" content_layer="Purchase Now" link="http://theme.yourbestcode.com/shopnow/en/16-furniture" link_image="/shopnow/modules/ets_multilayerslider/views/img/upload/"/></layers></slide><slide obj="MLS_Slide" id_slide="8" image="home-3.jpg" repeat_x="0" repeat_y="0" sort_order="5" backgroud_color="#f5f5f2" custom_class="" enabled="1" animation_in="zoomInFlipHoriz" animation_out="zoomOutFlipVert" title="Slide 3" link_img="/shopnow/modules/ets_multilayerslider/views/img/upload/home-3.jpg" max_layer_in="3500" max_layer_out="1200"><layers><layer obj="MLS_Layer" id_slide="8" layer_type="text" font_size="36.00" text_color="#929292" custom_class="" background_color="#F3F3F3" background_opacity="1.00" font_family="Lato" font_weight="bold" text_decoration="none" text_transform="uppercase" padding="5px 10px" box_radius="20" top="151.76" left="626.90" right="0.00" top_right="0.00" animation_in="fadeInLeft" animation_out="fadeOutLeft" width="" height="" sort_order="1" move_in="1000" move_out="500" stand_duration="0" start_delay="0" image="" content_layer="New arrivals" link="" link_image="/shopnow/modules/ets_multilayerslider/views/img/upload/"/><layer obj="MLS_Layer" id_slide="8" layer_type="text" font_size="56.00" text_color="#333333" custom_class="" background_color="#F3F3F3" background_opacity="1.00" font_family="Stardos Stencil" font_weight="bold" text_decoration="none" text_transform="uppercase" padding="5px 10px" box_radius="20" top="209.70" left="626.17" right="0.00" top_right="0.00" animation_in="slideInRight" animation_out="slideOutRight" width="" height="" sort_order="2" move_in="1000" move_out="500" stand_duration="0" start_delay="0" image="" content_layer="Fashion trends" link="" link_image="/shopnow/modules/ets_multilayerslider/views/img/upload/"/><layer obj="MLS_Layer" id_slide="8" layer_type="text" font_size="24.00" text_color="#929292" custom_class="" background_color="#ec4249" background_opacity="1.00" font_family="Lato" font_weight="normal" text_decoration="none" text_transform="none" padding="10px 20px" box_radius="20" top="273.26" left="628.76" right="0.00" top_right="0.00" animation_in="slideInRight" animation_out="slideOutRight" width="" height="" sort_order="3" move_in="1000" move_out="700" stand_duration="500" start_delay="900" image="" content_layer="Discover our new products and enjoy&lt;br /&gt;&#13;&#10;greatest ofers!" link="#" link_image="/shopnow/modules/ets_multilayerslider/views/img/upload/"/><layer obj="MLS_Layer" id_slide="8" layer_type="button" font_size="17.00" text_color="#ffffff" custom_class="" background_color="#5e5e5e" background_opacity="1.00" font_family="Lato" font_weight="bold" text_decoration="underline" text_transform="uppercase" padding="13px 25px" box_radius="20" top="337.26" left="626.76" right="0.00" top_right="0.00" animation_in="zoomIn" animation_out="zoomOut" width="" height="" sort_order="4" move_in="1000" move_out="500" stand_duration="500" start_delay="2500" image="" content_layer="Purchase Now" link="http://theme.yourbestcode.com/shopnow/en/3-fashion" link_image="/shopnow/modules/ets_multilayerslider/views/img/upload/"/></layers></slide><slide obj="MLS_Slide" id_slide="12" image="s-3-2.jpg" repeat_x="0" repeat_y="0" sort_order="6" backgroud_color="#f5f5f2" custom_class="" enabled="1" animation_in="zoomInFlipHoriz" animation_out="zoomOutFlipVert" title="Slide 3" link_img="/shopnow/modules/ets_multilayerslider/views/img/upload/s-3-2.jpg" max_layer_in="3500" max_layer_out="1200"><layers><layer obj="MLS_Layer" id_slide="12" layer_type="text" font_size="36.00" text_color="#929292" custom_class="" background_color="#F3F3F3" background_opacity="1.00" font_family="Lato" font_weight="bold" text_decoration="none" text_transform="uppercase" padding="5px 10px" box_radius="20" top="127.85" left="130.00" right="0.00" top_right="0.00" animation_in="fadeInLeft" animation_out="fadeOutLeft" width="" height="" sort_order="1" move_in="1000" move_out="500" stand_duration="0" start_delay="0" image="" content_layer="Fall in love with" link="" link_image="/shopnow/modules/ets_multilayerslider/views/img/upload/"/><layer obj="MLS_Layer" id_slide="12" layer_type="text" font_size="56.00" text_color="#333333" custom_class="" background_color="#F3F3F3" background_opacity="1.00" font_family="Stardos Stencil" font_weight="bold" text_decoration="none" text_transform="uppercase" padding="5px 10px" box_radius="20" top="190.74" left="130.00" right="0.00" top_right="0.00" animation_in="slideInRight" animation_out="slideOutRight" width="" height="" sort_order="2" move_in="1000" move_out="500" stand_duration="0" start_delay="0" image="" content_layer="New designs" link="" link_image="/shopnow/modules/ets_multilayerslider/views/img/upload/"/><layer obj="MLS_Layer" id_slide="12" layer_type="text" font_size="24.00" text_color="#929292" custom_class="" background_color="#ec4249" background_opacity="1.00" font_family="Lato" font_weight="normal" text_decoration="none" text_transform="none" padding="10px 20px" box_radius="20" top="263.59" left="130.00" right="0.00" top_right="0.00" animation_in="slideInRight" animation_out="slideOutRight" width="" height="" sort_order="3" move_in="1000" move_out="700" stand_duration="500" start_delay="900" image="" content_layer="We are the best furniture supplier in the&lt;br /&gt; world!" link="#" link_image="/shopnow/modules/ets_multilayerslider/views/img/upload/"/><layer obj="MLS_Layer" id_slide="12" layer_type="button" font_size="17.00" text_color="#ffffff" custom_class="" background_color="#5e5e5e" background_opacity="1.00" font_family="Lato" font_weight="bold" text_decoration="underline" text_transform="uppercase" padding="13px 25px" box_radius="20" top="338.54" left="130.00" right="0.00" top_right="0.00" animation_in="zoomIn" animation_out="zoomOut" width="" height="" sort_order="4" move_in="1000" move_out="500" stand_duration="500" start_delay="2500" image="" content_layer="Purchase Now" link="http://theme.yourbestcode.com/shopnow/en/3-fashion" link_image="/shopnow/modules/ets_multilayerslider/views/img/upload/"/></layers></slide></slides>
